references, queries, is_same
7_11.jpg, 1_1.jpg, 0
1_19.jpg, 1_23.jpg, 1
0_2.jpg, 3_8.jpg, 0
8_1.jpg, 3_3.jpg, 0
1_16.jpg, 1_2.jpg, 1
4_23.jpg, 7_11.jpg, 0
0_0.jpg, 0_15.jpg, 1
7_1.jpg, 5_9.jpg, 0
4_20.jpg, 4_17.jpg, 1
1_14.jpg, 4_3.jpg, 0
0_21.jpg, 7_21.jpg, 0
0_23.jpg, 1_13.jpg, 0
6_3.jpg, 8_6.jpg, 0
1_12.jpg, 1_19.jpg, 1
6_6.jpg, 6_16.jpg, 1
4_2.jpg, 4_0.jpg, 1
0_17.jpg, 7_9.jpg, 0
6_2.jpg, 3_23.jpg, 0
7_0.jpg, 2_10.jpg, 0
2_2.jpg, 2_13.jpg, 1
6_1.jpg, 3_3.jpg, 0
5_22.jpg, 5_8.jpg, 1
6_7.jpg, 8_10.jpg, 0
1_18.jpg, 1_4.jpg, 1
1_10.jpg, 1_23.jpg, 1
4_7.jpg, 7_15.jpg, 0
4_7.jpg, 4_20.jpg, 1
6_8.jpg, 6_20.jpg, 1
0_10.jpg, 3_16.jpg, 0
3_2.jpg, 0_17.jpg, 0
5_12.jpg, 4_20.jpg, 0
8_11.jpg, 8_7.jpg, 1
2_18.jpg, 1_18.jpg, 0
7_1.jpg, 5_9.jpg, 0
3_4.jpg, 3_13.jpg, 1
4_23.jpg, 2_18.jpg, 0
8_23.jpg, 3_1.jpg, 0
8_15.jpg, 8_16.jpg, 1
4_15.jpg, 4_17.jpg, 1
5_6.jpg, 4_16.jpg, 0
6_20.jpg, 6_16.jpg, 1
7_2.jpg, 2_1.jpg, 0
8_9.jpg, 8_10.jpg, 1
3_17.jpg, 1_22.jpg, 0
6_19.jpg, 6_2.jpg, 1
4_21.jpg, 4_4.jpg, 1
1_1.jpg, 1_14.jpg, 1
8_8.jpg, 8_11.jpg, 1
2_3.jpg, 2_13.jpg, 1
3_17.jpg, 6_13.jpg, 0
4_6.jpg, 1_6.jpg, 0
6_9.jpg, 1_16.jpg, 0
2_3.jpg, 1_6.jpg, 0
7_3.jpg, 7_16.jpg, 1
3_7.jpg, 3_14.jpg, 1
2_14.jpg, 3_17.jpg, 0
7_7.jpg, 4_21.jpg, 0
7_7.jpg, 2_2.jpg, 0
7_11.jpg, 8_5.jpg, 0
0_10.jpg, 8_5.jpg, 0
0_5.jpg, 4_8.jpg, 0
1_21.jpg, 3_16.jpg, 0
4_14.jpg, 4_16.jpg, 1
0_20.jpg, 6_16.jpg, 0
7_14.jpg, 7_21.jpg, 1
3_14.jpg, 3_17.jpg, 1
8_17.jpg, 8_7.jpg, 1
0_8.jpg, 0_12.jpg, 1
0_9.jpg, 0_11.jpg, 1
0_6.jpg, 0_16.jpg, 1
8_7.jpg, 5_5.jpg, 0
8_20.jpg, 8_13.jpg, 1
6_13.jpg, 7_22.jpg, 0
5_11.jpg, 5_12.jpg, 1
1_16.jpg, 7_10.jpg, 0
7_10.jpg, 7_4.jpg, 1
8_0.jpg, 8_12.jpg, 1
0_16.jpg, 5_13.jpg, 0
5_14.jpg, 5_8.jpg, 1
4_10.jpg, 0_14.jpg, 0
0_0.jpg, 0_13.jpg, 1
2_12.jpg, 2_12.jpg, 1
7_2.jpg, 8_13.jpg, 0
0_1.jpg, 0_9.jpg, 1
6_5.jpg, 6_6.jpg, 1
8_22.jpg, 8_17.jpg, 1
2_15.jpg, 2_3.jpg, 1
6_12.jpg, 6_23.jpg, 1
5_20.jpg, 4_19.jpg, 0
4_16.jpg, 4_7.jpg, 1
5_17.jpg, 5_11.jpg, 1
5_5.jpg, 5_13.jpg, 1
0_7.jpg, 0_16.jpg, 1
6_3.jpg, 5_21.jpg, 0
0_1.jpg, 0_10.jpg, 1
4_3.jpg, 0_11.jpg, 0
7_15.jpg, 1_23.jpg, 0
0_12.jpg, 0_4.jpg, 1
3_23.jpg, 5_12.jpg, 0
1_1.jpg, 5_17.jpg, 0
3_13.jpg, 3_6.jpg, 1
7_14.jpg, 3_18.jpg, 0
8_17.jpg, 7_10.jpg, 0
5_9.jpg, 5_6.jpg, 1
3_4.jpg, 3_11.jpg, 1
7_21.jpg, 1_4.jpg, 0
1_16.jpg, 3_4.jpg, 0
8_3.jpg, 8_15.jpg, 1
0_0.jpg, 7_9.jpg, 0
2_8.jpg, 6_3.jpg, 0
2_0.jpg, 7_14.jpg, 0
6_3.jpg, 6_6.jpg, 1
0_16.jpg, 0_23.jpg, 1
4_11.jpg, 4_12.jpg, 1
5_6.jpg, 6_19.jpg, 0
2_0.jpg, 7_10.jpg, 0
7_18.jpg, 1_18.jpg, 0
8_21.jpg, 8_12.jpg, 1
3_6.jpg, 3_19.jpg, 1
1_15.jpg, 1_20.jpg, 1
8_23.jpg, 8_13.jpg, 1
4_1.jpg, 4_18.jpg, 1
8_8.jpg, 8_23.jpg, 1
6_11.jpg, 6_9.jpg, 1
8_13.jpg, 7_20.jpg, 0
0_19.jpg, 0_13.jpg, 1
0_9.jpg, 0_12.jpg, 1
6_14.jpg, 6_9.jpg, 1
3_18.jpg, 2_1.jpg, 0
1_19.jpg, 1_12.jpg, 1
5_2.jpg, 5_6.jpg, 1
1_8.jpg, 7_20.jpg, 0
3_4.jpg, 2_21.jpg, 0
3_21.jpg, 3_6.jpg, 1
5_21.jpg, 0_23.jpg, 0
6_19.jpg, 5_20.jpg, 0
0_23.jpg, 5_7.jpg, 0
0_6.jpg, 1_1.jpg, 0
1_18.jpg, 8_14.jpg, 0
7_4.jpg, 7_22.jpg, 1
2_3.jpg, 2_2.jpg, 1
0_14.jpg, 1_19.jpg, 0
2_9.jpg, 6_7.jpg, 0
4_20.jpg, 2_13.jpg, 0
3_0.jpg, 3_6.jpg, 1
5_12.jpg, 5_4.jpg, 1
5_23.jpg, 0_18.jpg, 0
0_7.jpg, 6_15.jpg, 0
3_0.jpg, 0_4.jpg, 0
7_22.jpg, 4_5.jpg, 0
1_8.jpg, 1_20.jpg, 1
8_20.jpg, 8_12.jpg, 1
5_9.jpg, 5_14.jpg, 1
3_0.jpg, 5_8.jpg, 0
2_21.jpg, 3_3.jpg, 0
7_21.jpg, 0_17.jpg, 0
6_8.jpg, 7_8.jpg, 0
3_7.jpg, 3_15.jpg, 1
4_20.jpg, 2_8.jpg, 0
7_12.jpg, 5_4.jpg, 0
5_13.jpg, 2_13.jpg, 0
2_1.jpg, 2_12.jpg, 1
8_4.jpg, 7_2.jpg, 0
6_20.jpg, 3_12.jpg, 0
5_9.jpg, 6_10.jpg, 0
8_2.jpg, 3_21.jpg, 0
5_10.jpg, 5_9.jpg, 1
3_13.jpg, 3_16.jpg, 1
2_18.jpg, 2_15.jpg, 1
0_16.jpg, 0_2.jpg, 1
7_19.jpg, 7_12.jpg, 1
8_7.jpg, 8_8.jpg, 1
6_11.jpg, 5_2.jpg, 0
4_13.jpg, 4_23.jpg, 1
4_13.jpg, 4_21.jpg, 1
5_1.jpg, 5_3.jpg, 1
0_10.jpg, 0_8.jpg, 1
0_13.jpg, 0_9.jpg, 1
1_12.jpg, 0_2.jpg, 0
8_1.jpg, 6_15.jpg, 0
3_5.jpg, 7_8.jpg, 0
8_7.jpg, 8_11.jpg, 1
2_5.jpg, 5_6.jpg, 0
1_11.jpg, 1_1.jpg, 1
4_22.jpg, 4_0.jpg, 1
1_7.jpg, 1_3.jpg, 1
4_23.jpg, 4_16.jpg, 1
5_9.jpg, 5_11.jpg, 1
3_8.jpg, 3_5.jpg, 1
5_11.jpg, 5_18.jpg, 1
8_2.jpg, 8_18.jpg, 1
5_4.jpg, 8_12.jpg, 0
5_16.jpg, 5_22.jpg, 1
5_1.jpg, 1_3.jpg, 0
2_10.jpg, 6_20.jpg, 0
5_9.jpg, 7_3.jpg, 0
3_14.jpg, 3_1.jpg, 1
1_17.jpg, 6_13.jpg, 0
2_7.jpg, 2_4.jpg, 1
2_19.jpg, 2_2.jpg, 1
5_19.jpg, 5_8.jpg, 1
7_13.jpg, 1_7.jpg, 0
6_14.jpg, 6_8.jpg, 1
6_19.jpg, 6_15.jpg, 1
7_12.jpg, 7_6.jpg, 1
4_22.jpg, 1_8.jpg, 0
1_18.jpg, 1_14.jpg, 1
5_2.jpg, 6_0.jpg, 0
0_12.jpg, 0_10.jpg, 1
5_9.jpg, 5_12.jpg, 1
2_11.jpg, 4_20.jpg, 0
2_22.jpg, 2_8.jpg, 1
8_13.jpg, 8_22.jpg, 1
5_12.jpg, 0_15.jpg, 0
4_13.jpg, 1_13.jpg, 0
3_1.jpg, 3_16.jpg, 1
3_18.jpg, 3_9.jpg, 1
6_8.jpg, 8_4.jpg, 0
5_10.jpg, 5_14.jpg, 1
5_15.jpg, 0_6.jpg, 0
8_8.jpg, 1_19.jpg, 0
6_2.jpg, 6_11.jpg, 1
1_6.jpg, 3_11.jpg, 0
4_23.jpg, 1_20.jpg, 0
7_14.jpg, 7_1.jpg, 1
0_3.jpg, 0_16.jpg, 1
3_12.jpg, 3_1.jpg, 1
3_20.jpg, 3_19.jpg, 1
2_9.jpg, 0_19.jpg, 0
1_13.jpg, 2_6.jpg, 0
6_18.jpg, 6_2.jpg, 1
8_10.jpg, 1_7.jpg, 0
5_18.jpg, 6_19.jpg, 0
0_15.jpg, 7_7.jpg, 0
0_10.jpg, 0_21.jpg, 1
0_18.jpg, 4_15.jpg, 0
8_18.jpg, 7_16.jpg, 0
8_19.jpg, 5_15.jpg, 0
6_18.jpg, 0_8.jpg, 0
0_0.jpg, 2_7.jpg, 0
7_20.jpg, 6_2.jpg, 0
0_23.jpg, 6_15.jpg, 0
1_8.jpg, 7_12.jpg, 0
3_3.jpg, 3_8.jpg, 1
2_18.jpg, 7_13.jpg, 0
5_16.jpg, 5_16.jpg, 1
2_1.jpg, 1_22.jpg, 0
8_9.jpg, 8_11.jpg, 1
5_18.jpg, 3_1.jpg, 0
2_23.jpg, 2_9.jpg, 1
7_10.jpg, 7_4.jpg, 1
2_19.jpg, 2_9.jpg, 1
5_0.jpg, 3_3.jpg, 0
7_5.jpg, 1_23.jpg, 0
4_4.jpg, 5_15.jpg, 0
3_0.jpg, 7_4.jpg, 0
4_18.jpg, 4_15.jpg, 1
5_1.jpg, 4_16.jpg, 0
1_11.jpg, 3_18.jpg, 0
7_13.jpg, 7_19.jpg, 1
3_1.jpg, 2_15.jpg, 0
1_9.jpg, 1_20.jpg, 1
1_10.jpg, 1_12.jpg, 1
0_22.jpg, 7_13.jpg, 0
8_2.jpg, 8_15.jpg, 1
3_7.jpg, 7_19.jpg, 0
3_19.jpg, 8_5.jpg, 0
6_14.jpg, 7_3.jpg, 0
1_21.jpg, 1_11.jpg, 1
4_19.jpg, 1_5.jpg, 0
6_1.jpg, 2_1.jpg, 0
8_22.jpg, 8_1.jpg, 1
2_7.jpg, 2_0.jpg, 1
7_22.jpg, 4_9.jpg, 0
3_0.jpg, 8_21.jpg, 0
5_0.jpg, 5_15.jpg, 1
3_5.jpg, 3_2.jpg, 1
7_9.jpg, 4_20.jpg, 0
6_11.jpg, 6_23.jpg, 1
8_3.jpg, 8_6.jpg, 1
8_8.jpg, 4_7.jpg, 0
1_15.jpg, 2_6.jpg, 0
4_20.jpg, 4_13.jpg, 1
8_11.jpg, 7_18.jpg, 0
0_15.jpg, 0_10.jpg, 1
3_5.jpg, 0_21.jpg, 0
4_2.jpg, 3_17.jpg, 0
0_9.jpg, 5_5.jpg, 0
0_19.jpg, 5_21.jpg, 0
2_9.jpg, 6_14.jpg, 0
1_19.jpg, 1_8.jpg, 1
1_23.jpg, 1_8.jpg, 1
8_2.jpg, 8_14.jpg, 1
4_11.jpg, 4_7.jpg, 1
4_19.jpg, 4_2.jpg, 1
4_10.jpg, 4_23.jpg, 1
4_20.jpg, 4_19.jpg, 1
4_14.jpg, 4_14.jpg, 1
8_13.jpg, 4_22.jpg, 0
2_7.jpg, 1_17.jpg, 0
1_21.jpg, 2_5.jpg, 0
7_9.jpg, 1_3.jpg, 0
3_14.jpg, 6_4.jpg, 0
8_6.jpg, 1_21.jpg, 0
2_3.jpg, 2_14.jpg, 1
0_22.jpg, 1_5.jpg, 0
2_21.jpg, 7_3.jpg, 0
5_2.jpg, 8_6.jpg, 0
0_14.jpg, 5_8.jpg, 0
7_21.jpg, 7_6.jpg, 1
1_3.jpg, 1_19.jpg, 1
2_16.jpg, 1_11.jpg, 0
6_9.jpg, 5_10.jpg, 0
5_6.jpg, 1_10.jpg, 0
1_9.jpg, 1_2.jpg, 1
7_18.jpg, 7_16.jpg, 1
2_4.jpg, 0_6.jpg, 0
6_16.jpg, 4_16.jpg, 0
2_7.jpg, 3_23.jpg, 0
6_23.jpg, 2_18.jpg, 0
3_20.jpg, 3_10.jpg, 1
3_13.jpg, 7_5.jpg, 0
6_17.jpg, 6_20.jpg, 1
2_17.jpg, 2_12.jpg, 1
7_18.jpg, 5_5.jpg, 0
4_21.jpg, 4_13.jpg, 1
0_15.jpg, 0_1.jpg, 1
4_5.jpg, 4_18.jpg, 1
6_9.jpg, 2_14.jpg, 0
6_6.jpg, 6_19.jpg, 1
6_2.jpg, 1_18.jpg, 0
0_19.jpg, 0_6.jpg, 1
7_6.jpg, 8_6.jpg, 0
1_1.jpg, 3_10.jpg, 0
3_20.jpg, 1_21.jpg, 0
5_18.jpg, 3_0.jpg, 0
3_11.jpg, 5_14.jpg, 0
3_8.jpg, 3_7.jpg, 1
8_21.jpg, 2_7.jpg, 0
5_5.jpg, 5_11.jpg, 1
6_19.jpg, 6_13.jpg, 1
2_14.jpg, 3_22.jpg, 0
4_0.jpg, 4_19.jpg, 1
0_20.jpg, 0_21.jpg, 1
1_13.jpg, 7_8.jpg, 0
3_16.jpg, 3_5.jpg, 1
2_18.jpg, 0_11.jpg, 0
6_14.jpg, 4_16.jpg, 0
6_14.jpg, 6_0.jpg, 1
1_6.jpg, 7_7.jpg, 0
3_18.jpg, 3_8.jpg, 1
4_16.jpg, 2_23.jpg, 0
7_20.jpg, 5_10.jpg, 0
7_14.jpg, 4_9.jpg, 0
1_16.jpg, 1_14.jpg, 1
3_2.jpg, 3_16.jpg, 1
8_18.jpg, 8_10.jpg, 1
0_23.jpg, 0_2.jpg, 1
0_15.jpg, 5_18.jpg, 0
8_15.jpg, 5_16.jpg, 0
1_15.jpg, 8_19.jpg, 0
3_17.jpg, 3_23.jpg, 1
7_8.jpg, 7_15.jpg, 1
7_19.jpg, 7_6.jpg, 1
0_6.jpg, 4_18.jpg, 0
6_8.jpg, 8_2.jpg, 0
0_9.jpg, 0_2.jpg, 1
3_20.jpg, 3_23.jpg, 1
1_22.jpg, 1_2.jpg, 1
1_20.jpg, 1_1.jpg, 1
5_20.jpg, 5_6.jpg, 1
7_19.jpg, 0_2.jpg, 0
7_5.jpg, 7_6.jpg, 1
2_1.jpg, 2_2.jpg, 1
1_15.jpg, 5_3.jpg, 0
7_18.jpg, 7_6.jpg, 1
8_16.jpg, 8_17.jpg, 1
7_0.jpg, 5_1.jpg, 0
2_0.jpg, 2_17.jpg, 1
7_7.jpg, 7_20.jpg, 1
5_18.jpg, 5_13.jpg, 1
3_3.jpg, 8_9.jpg, 0
5_14.jpg, 5_16.jpg, 1
2_13.jpg, 6_6.jpg, 0
0_16.jpg, 0_16.jpg, 1
1_22.jpg, 3_13.jpg, 0
5_13.jpg, 4_21.jpg, 0
2_9.jpg, 2_1.jpg, 1
0_21.jpg, 0_17.jpg, 1
3_16.jpg, 1_0.jpg, 0
1_10.jpg, 7_11.jpg, 0
8_10.jpg, 1_11.jpg, 0
7_19.jpg, 0_18.jpg, 0
4_7.jpg, 4_21.jpg, 1
2_16.jpg, 5_0.jpg, 0
4_2.jpg, 6_6.jpg, 0
5_21.jpg, 8_9.jpg, 0
8_8.jpg, 8_5.jpg, 1
0_4.jpg, 0_14.jpg, 1
1_17.jpg, 0_17.jpg, 0
